species,count
Turtur brehmeri,427
Stizorhina finschi,427
Stiphrornis erythrothorax,425
Apalis sharpii,406
Dicrurus atripennis,400
Psittacus timneh,399
Stelgidillas gracilirostris,382
Ceratogymna atrata,378
Cyanomitra olivacea,370
Apaloderma narina,370
Lophoceros camurus,359
Halcyon badia,355
Hylopsar cupreocauda,352
Nicator chloris,348
Alethe diademata,341
Treron calvus,337
Tauraco macrorhynchus,333
Criniger barbatus,329
Pogoniulus subsulphureus,326
Tricholaema hirsuta,323
Hylia prasina,315
Oriolus brachyrynchus,313
Bleda canicapillus,308
Ceratogymna elata,303
Eurillas latirostris,294
Merops albicollis,290
Megabyas flammulatus,290
Coracina azurea,275
Gymnobucco calvus,274
Thescelocichla leucopleura,274
Dicrurus adsimilis,274
Cuculus solitarius,271
Dryoscopus sabini,262
Prionops caniceps,255
Buccanodon duchaillui,249
Macrosphenus concolor,247
Corythaeola cristata,246
Apus apus,238
Rhaphidura sabini,237
Phyllastrephus icterinus,237
Bycanistes fistulator,235
Cyanomitra cyanolaema,233
Peliperdix lathami,219
Halcyon malimbica,218
Ixonotus guttatus,217
Oryza sativa,214
Pogoniulus scolopaceus,211
Pogoniulus atroflavus,209
Criniger calurus,204
Cinnyris johannae,201
Eurystomus gularis,199
Ceuthmochares aereus,198
Lophoceros fasciatus,194
Strix woodfordii,193
Eurillas ansorgei,185
Psalidoprocne nitens,181
Baeopogon indicator,181
Bycanistes cylindricus,180
Stephanoaetus coronatus,177
Bostrychia olivacea,172
Cuculus clamosus,171
Gypohierax angolensis,170
Malacomys edwardsi,170
Terpsiphone rufiventer,166
Muscicapa ussheri,164
Chrysococcyx cupreus,157
Hylomyscus alleni,157
Oriolus nigripennis,153
Erythropygia leucosticta,149
Malimbus nitens,145
Campethera maculosa,143
Centropus leucogaster,143
Fraseria ocreata,139
Deleornis fraseri,136
Horizocerus albocristatus,133
Hedydipna collaris,131
Pardipicus caroli,131
Apalis nigriceps,125
Crocidura muricauda,125
Nigrita bicolor,123
Chloropicus pyrrhogaster,121
Illadopsis cleaveri,120
Malimbus rubricollis,119
Neafrapus cassini,114
Nigrita canicapillus,113
Anthreptes seimundi,113
Illadopsis rufipennis,112
Chalcomitra adelberti,107
Columba unicincta,102
Eurillas curvirostris,100
Agelastes meleagrides,100
Bleda syndactylus,99
Himantornis haematopus,93
Melichneutes robustus,90
Fraseria cinerascens,90
Cercococcyx mechowi,90
Glaucidium tephronotum,88
Crocidura buettikoferi,86
Neocossyphus poensis,83
Illadopsis rufescens,81
Turtur tympanistria,81
Guttera pucherani,81
Phoeniculus bollei,80
Podica senegalensis,80
Poicephalus gulielmi,76
Polyboroides typus,75
Anthreptes rectirostris,72
Criniger olivaceus,71
Onthophagus funestus,71
Pardipicus nivosus,70
Ploceus tricolor,70
Melaenornis annamarulae,70
Tmesorrhina iris,62
Onychognathus fulgidus,60
Calyptocichla serinus,59
Phoeniculus castaneiceps,59
Smithornis rufolateralis,59
Eremomela badiceps,58
Chlorophoneus multicolor,57
Hybomys trivirgatus,57
Bostrychia rara,56
Malimbus scutatus,56
Bostrychia hagedash,55
Telacanthura melanopygia,55
Solanum aethiopicum,55
Agapornis swindernianus,55
Praomys tullbergi,54
Mus musculoides,54
Platysteira concreta,53
Camaroptera chloronota,52
Rattus rattus,52
Chrysococcyx klaas,51
Muscicapa cassini,50
Solanum anguivi,49
Halcyon senegalensis,49
Heliocopris dianae,48
Hyliota violacea,47
Onthophagus pleurogonus,45
Mus setulosus,43
Erythrocercus mccallii,43
Onthophagus bartosi,43
Brycinus imberi,43
Onthophagus densipilis,43
Dephomys defua,42
Malimbus malimbicus,42
Lophuromys sikapusi,41
Lophorrhina quinquelineata,41
Augosoma centaurus,41
Eurystomus glaucurus,41
Tigriornis leucolopha,40
Hirundo rustica,40
Coptodon walteri,40
Brycinus macrolepidotus,40
Dryotriorchis spectabilis,39
Marcusenius ussheri,38
Petrocephalus pellegrini,38
Schilbe mandibularis,37
Merops gularis,37
Brycinus longipinnis,37
Chamaetylas poliocephala,37
Hemichromis fasciatus,37
Cinnyris chloropygius,36
Enteromius trispilos,36
Alcedo quadribrachys,35
Chrysichthys teugelsi,34
Cercococcyx olivinus,34
Praomys rostratus,34
Malaconotus lagdeni,33
Piliocolobus badius,33
Bleda eximius,33
Crematogaster striatula,33
Horizocerus hartlaubi,32
Indicator maculatus,32
Triphyophyllum peltatum,32
Batis poensis,31
Chidlowia sanguinea,30
Indicator willcocksi,30
Solanum anomalum,30
Piper guineense,30
Lobotos lobatus,30
Dioscorea praehensilis,29
Hybomys planifrons,29
Cercopithecus petaurista,28
Pholidornis rushiae,28
Pogoniulus bilineatus,28
Ispidina lecontei,28
Mastomys natalensis,27
Dioscorea bulbifera,27
Muscicapa olivascens,27
Colobus polykomos,27
Anochetus africanus,27
Diospyros chevalieri,27
Pheidole aurivillii,26
Columba iriditorques,26
Heterobranchus isopterus,26
Micralestes eburneensis,26
Crocidura nimbae,26
Corythornis leucogaster,25
Phrynobatrachus tokba,25
Mildbraedia paniculata,25
Cecropis abyssinica,25
Carebara silvestrii,25
Eurillas virens,24
Whitfieldia lateritia,24
Onthophagus depilis,24
Phylloscopus sibillatrix,24
Indicator minor,24
Chrysococcyx caprius,24
Dendrocygna viduata,23
Dioscorea hirtiflora,23
Elminia nigromitrata,22
Bothroponera soror,22
Heterotilapia cessiana,22
Hepsetus odoe,22
Polypterus palmas,22
Dicrurus modestus,21
Sheppardia cyornithopsis,21
Accipiter erythropus,21
Dicranolepis persei,21
Onthophagus ahenomicans,21
Malacomys cansdalei,21
Taterillus gracilis,21
Euponera brunoi,21
Chrysichthys nigrodigitatus,21
Pycnonotus barbatus,21
Centropus senegalensis,21
Procolobus verus,21
Glyphaea brevis,20
Tetramorium invictum,20
Corvus albus,20
Technomyrmex andrei,20
Dioscorea minutiflora,20
Leptogenys nuserra,20
Labeo alluaudi,20
Tabanus menoensis,20
Nigrita fusconotus,19
Cercopithecus diana,19
Myioparus griseigularis,19
Tarenna vignei,19
Ptychadena aequiplicata,19
Camaroptera brachyura,19
Rauvolfia vomitoria,19
Pyramica ludovici,19
Pheidole minima,19
Lanius humeralis,19
Tetramorium furtivum,19
Coptodon zillii,19
Spilopelia senegalensis,18
Gilbertiodendron splendidum,18
Cricetomys emini,18
Diospyros mannii,18
Phrynobatrachus alleni,18
Kolobopetalum ovatum,18
Aquila africana,18
Cercocebus atys,18
Enteromius punctitaeniatus,18
Ctenopoma kingsleyae,18
Sarotherodon tournieri,18
Milvus migrans,18
Eumachia sciadephora,17
Pernis apivorus,17
Dichapetalum toxicarium,17
Ciconia microscelis,17
Butorides striata,17
Tetramorium rhetidum,17
Plagiosiphon emarginatus,17
Streptopelia semitorquata,17
Passer griseus,17
Baissea multiflora,17
Corythornis cristatus,17
Heinsia crinita,17
Phrynobatrachus latifrons,17
Crocidura olivieri,16
Crocidura douceti,16
Trichoscypha bijuga,16
Piper umbellatum,16
Solanum macrocarpon,16
Lonchura fringilloides,16
Labeobarbus parawaldroni,16
Hypoponera dulcis,16
Bubo leucostictus,16
Strumigenys vazerka,16
Marantochloa filipes,16
Apus affinis,15
Hemichromis bimaculatus,15
Megaceryle maxima,15
Falco ardosiaceus,15
Ploceus cucullatus,15
Rhinolophus alcyone,15
Cephalophus dorsalis,15
Psychotria yapoensis,15
Onthophagus bordati,15
Eurillas gracilis,15
Perodicticus potto,15
Illadopsis fulvescens,15
Platysteira hormophora,15
Macheiramphus alcinus,15
Enteromius ablabes,15
Strychnos afzelii,15
Onthophagus rectorispauliani,15
Chrysichthys maurus,15
Hypoponera lassa,15
Anaglymma congonis,15
Pan troglodytes,15
Marantochloa leucantha,15
Atheris chlorechis,15
Protoxerus stangeri,15
Saccolaimus peli,15
Muscicapa epulata,14
Lonchura bicolor,14
Pristomyrmex orbiceps,14
Callichilia subsessilis,14
Philantomba maxwellii,14
Amnirana albolabris,14
Actophilornis africanus,14
Pteronetta hartlaubii,14
Heliosciurus rufobrachium,14
Paltothyreus tarsatus,14
Agelaea pentagyna,14
Cercopithecus campbelli,14
Oxyanthus formosus,14
Hexaprotodon liberiensis,14
Odontobatrachus natator,14
Synodontis waterloti,14
Odontomachus troglodytes,14
Mapania baldwinii,14
Bertiera breviflora,14
Aenictus koloi,14
Solanum torvum,13
Millettia liberica,13
Xylopia acutiflora,13
Coffea humilis,13
Crocidura obscurior,13
Cercopithecus lowei,13
Leptopelis viridis,13
Carpolobia lutea,13
Campylospermum duparquetianum,13
Tetramorium minimum,13
Memecylon lateriflorum,13
Inhambanella guereensis,13
Polyceratocarpus parviflorus,13
Monomorium invidium,13
Cephalophus niger,13
Cercopithecus nictitans,13
Cassia fikifiki,13
Synsepalum brevipes,13
Ptychopetalum anceps,13
Cypsiurus parvus,13
Caloncoba brevipes,13
Vanellus albiceps,13
Greenwayodendron oliveri,13
Hypoponera inaudax,13
Bubulcus ibis,13
Gymnostemon zaizou,13
Cinnyris minullus,13
Salacia lehmbachii,13
Campylospermum schoenleinianum,13
Trachyphonus purpuratus,12
Diospyros canaliculata,12
Hypoponera coeca,12
Gymnobucco peli,12
Clarias laeviceps,12
Epiplatys olbrechtsi,12
Anthus leucophrys,12
Pteris tripartita,12
Chromidotilapia guntheri,12
Crinifer piscator,12
Aspidimorpha obovata,12
Culcasia striolata,12
Enteromius traorei,12
Urotriorchis macrourus,12
Ploceus preussi,12
Brycinus nigricauda,12
Hunteria simii,12
Scadoxus multiflorus,12
Chlorocala africana,12
Diospyros cooperi,12
Dracaena aubryana,12
Labeobarbus wurtzi,12
Papyrocranus afer,12
Tetramorium jugatum,12
Phlyctimantis boulengeri,12
Neostenanthera gabonensis,12
Dichapetalum pallidum,11
Macaranga heterophylla,11
Pauridiantha afzelii,11
Isachne albens,11
Cisticola lateralis,11
Scotonycteris zenkeri,11
Poeoptera lugubris,11
Myonycteris torquata,11
Bertiera bracteolata,11
Hipposideros ruber,11
Onthophagus laminosus,11
Mussaenda grandiflora,11
Marantochloa cuspidata,11
Dinophora spenneroides,11
Onthophagus semiviridis,11
Prinia subflava,11
Landolphia foretiana,11
Euplectes macroura,11
Leea guineensis,11
Pseuderanthemum tunicatum,11
Soyauxia floribunda,11
Strychnos densiflora,11
Tetramorium ataxium,11
Mallodon downesii,11
Muscicapa striata,11
Baphia pubescens,11
Sherbournia calycina,11
Strumigenys petiolata,11
Pellonula leonensis,11
Aneilema beniniense,11
Androsiphonia adenostegia,11
Decorsella paradoxa,10
Nettapus auritus,10
Heisteria parvifolia,10
Ploceus brachypterus,10
Xystroceroides burgeoni,10
Spermophaga haematina,10
Euplectes hordeaceus,10
Pristomyrmex africanus,10
Solanum aculeatissimum,10
Mellivora capensis,10
Kaupifalco monogrammicus,10
Dorstenia kameruniana,10
Strychnos aculeata,10
Hipposideros fuliginosus,10
Manis tricuspis,10
Stenandriopsis buntingii,10
Strumigenys nimbrata,10
Hydrobiomorpha celata,10
Phrynobatrachus liberiensis,10
Rothmannia whitfieldii,10
Pheidole rebeccae,10
Pteris burtonii,10
Potamochoerus porcus,10
Chlorophytum orchidastrum,10
Estrilda melpoda,10
Liberiictis kuhni,10
Platysomatinus diversicollis,10
Malapterurus thysi,10
Anthocleista vogelii,10
Sloetiopsis usambarensis,10
Chlorocichla simplex,10
Hymenocoleus hirsutus,10
Hijmania turbinata,10
Malapterurus electricus,9
Sabicea rosea,9
Pseudinca admixtus,9
Shirakiopsis aubrevillei,9
Dioscorea smilacifolia,9
Pauridiantha sylvicola,9
Tetramorium venator,9
Tabernaemontana glandulosa,9
Pavetta corymbosa,9
Corynanthe pachyceras,9
Terminalia hylodendron,9
Warneckea golaensis,9
Arthroleptis poecilonotus,9
Smilax anceps,9
Calpocalyx brevibracteatus,9
Culcasia glandulosa,9
Iodes liberica,9
Olax gambecola,9
Leptaspis zeylanica,9
Macaranga hurifolia,9
Mormyrus rume,9
Uncaria africana,9
Cissus diffusiflora,9
Dioscorea mangenotiana,9
Ficus vogeliana,9
Turraea adjanohounii,9
Campylospermum sulcatum,9
Bertiera racemosa,9
Spaniolepis agilis,9
Coffea mannii,9
Ptychadena bibroni,9
Voacanga caudiflora,9
Craterispermum caudatum,9
Canirallus oculeus,9
Antidesma oblongum,9
Dendropicos lugubris,9
Adiantum vogelii,9
Labeo coubie,9
Dichapetalum heudelotii,9
Griffonia simplicifolia,9
Landolphia nitidula,9
Palisota hirsuta,9
Ixora laxiflora,9
Lemniscomys striatus,9
Vidua macroura,9
Egretta garzetta,9
Warneckea guineensis,9
Coula edulis,9
Hugonia afzelii,9
Calyptomyrmex kaurus,9
Discoclaoxylon hexandrum,9
Trichoscypha baldwinii,9
Chassalia kolly,8
Grossera vignei,8
Scytopetalum tieghemii,8
Isolona campanulata,8
Uncaria talbotii,8
Mareya micrantha,8
Anthonotha macrophylla,8
Cephalophus zebra,8
Hyemoschus aquaticus,8
Epiplatys fasciolatus,8
Lychnodiscus dananensis,8
Staurogyne capitata,8
Prosopocoilus senegalensis,8
Rinorea welwitschii,8
Crossarchus obscurus,8
Raphia hookeri,8
Octolepis casearia,8
Enteromius inaequalis,8
Sabicea ferruginea,8
Culcasia seretii,8
Quelea erythrops,8
Uvariastrum pierreanum,8
Turtur afer,8
Garcinia epunctata,8
Merops pusillus,8
Motandra paniculata,8
Elytraria marginata,8
Streptogyna crinita,8
Hydrocynus forskahlii,8
Sarcophrynium brachystachyum,8
Arthropteris palisotii,8
Necepsia afzelii,8
Geophila afzelii,8
Pheidole megacephala,8
Triplophyllum pilosissimum,8
Epomops buettikoferi,8
Camaroptera superciliaris,8
Ploceus albinucha,8
Dalbergia saxatilis,8
Duguetia staudtii,8
Nannocharax fasciatus,8
Lankesteria elegans,8
Dalbergia oblongifolia,8
Calopogonium mucunoides,8
Sida acuta,8
Ageratum conyzoides,8
Mesotopus tarandus,8
Lovoa trichilioides,8
Labeo parvus,7
Anomalurus pelii,7
Parmoptila rubrifrons,7
Civettictis civetta,7
Lasiodiscus mildbraedii,7
Gloriosa superba,7
Paratrechina lepida,7
Cyperus fertilis,7
Afrocayratia debilis,7
Ceratocentrus spinicornis,7
Landolphia hirsuta,7
Stanfieldiella imperforata,7
Morinda longiflora,7
Falco biarmicus,7
Lophira alata,7
Xylopia parviflora,7
Piptostigma fugax,7
Onthophagus fuscatus,7
Macaranga barteri,7
Ficus natalensis,7
Strychnos cuminodora,7
Dichapetalum albidum,7
Pycnocoma macrophylla,7
Oldfieldia africana,7
Massularia acuminata,7
Hirundo nigrita,7
Ispidina picta,7
Uapaca heudelotii,7
Leptopelis spiritusnoctis,7
Alchornea cordifolia,7
Campephaga quiscalina,7
Chytranthus angustifolius,7
Clivina dumolinii,7
Nandinia binotata,7
Diospyros soubreana,7
Monomorium cryptobium,7
Paraparatrechina weissi,7
Uvariopsis guineensis,7
Uvaria baumannii,7
Chassalia afzelii,7
Rytigynia canthioides,7
Neolebias unifasciatus,7
Hemidactylus fasciatus,7
Ardeola ralloides,7
Ancistrocladus abbreviatus,7
Crocidura jouvenetae,7
Sericanthe toupetou,7
Landolphia owariensis,7
Trichostachys aurea,7
Combretum grandiflorum,7
Millettia zechiana,7
Dorylus gribodoi,7
Mendoncia combretoides,7
Rothmannia longiflora,7
Casinycteris ophiodon,7
Desplatsia chrysochlamys,7
Guaduella oblonga,7
Drypetes gilgiana,7
Aidia genipiflora,7
Amnirana parva,7
Desplatsia subericarpa,7
Synodontis koensis,7
Diospyros sanza-minika,7
Tetramorium muralti,7
Ficus sur,7
Sida linifolia,7
Halopegia azurea,7
Anochetus katonae,7
Sabicea calycina,7
Microcarbo africanus,7
Funisciurus pyrropus,7
Rhigiocarya racemifera,7
Atherurus africanus,7
Geophila obvallata,7
Cephalophus jentinki,7
Cyathula prostrata,7
Cyanthillium stelluliferum,7
Oecophylla longinoda,7
Camponotus maculatus,7
Muscicapa caerulescens,7
Newtonia duparquetiana,7
Cnestis ferruginea,7
Bridelia grandis,7
Hoslundia opposita,7
Rhinacanthus obtusifolius,6
Calpocalyx aubrevillei,6
Salacighia letestuana,6
Tringa ochropus,6
Panthera pardus,6
Onthophagus denudatus,6
Leptopelis occidentalis,6
Campylospermum glaberrimum,6
Elytraria ivorensis,6
Uapaca pynaertii,6
Distemonanthus benthamianus,6
Costus aureus,6
Culcasia scandens,6
Ficus barteri,6
Chytranthus carneus,6
Sisyphus arboreus,6
Probolomyrmex guineensis,6
Calycobolus africanus,6
Sacoglottis gabonensis,6
Entada gigas,6
Cnestis corniculata,6
Sarothrura elegans,6
Microdaceton tibialis,6
Landolphia micrantha,6
Onthophagus alluaudi,6
Cinnyris batesi,6
Acanthixalus sonjae,6
Trichoscypha barbata,6
Olyra latifolia,6
Agrilus granulosus,6
Nycteris grandis,6
Berlinia occidentalis,6
Ptisana fraxinea,6
Baissea zygodioides,6
Landolphia dulcis,6
Chromidotilapia cavalliensis,6
Pycnocoma angustifolia,6
Bulbophyllum falcatum,6
Hypsignathus monstrosus,6
Abelmoschus caillei,6
Memecylon afzelii,6
Gambeya taiensis,6
Psychotria gabonica,6
Uvaria gabonensis,6
Gaertnera cooperi,6
Rourea solanderi,6
Dioscoreophyllum volkensii,6
Strychnos nigritana,6
Strychnos icaja,6
Manniophyton fulvum,6
Malimbus ballmanni,6
Platysepalum hirsutum,6
Campylospermum reticulatum,6
Hypselodelphys violacea,6
Pyrenestes sanguineus,6
Pollia condensata,6
Placodiscus attenuatus,6
Acridocarpus longifolius,6
Ricinoides megahanseni,6
Tragelaphus scriptus,6
Millettia rhodantha,6
Xylopia aethiopica,6
Adenia cissampeloides,6
Syncerus caffer,6
Microdesmis keayana,6
Galagoides demidoff,6
Aningeria pierrei,6
Hylochoerus meinertzhageni,6
Lankesteria brevior,6
Cephalophus silvicultor,6
Cola heterophylla,6
Cercestis afzelii,6
Trichoscypha smythei,6
Raiamas nigeriensis,6
Nauclea diderrichii,6
Rinorea ilicifolia,6
Palisota barteri,6
Petrocephalus bovei,6
Grammomys buntingi,6
Aneilema umbrosum,6
Rhabdophyllum affine,6
Aubrevillea platicarpa,6
Anochetus ambiguus,6
Dracaena surculosa,6
Setaria parviflora,5
Synodontis punctifer,5
Malaconotus cruentus,5
Schizachyrium sanguineum,5
Neostenanthera hamata,5
Anochetus siphneus,5
Aporrhiza urophylla,5
Baissea leonensis,5
Lagenaria guineensis,5
Xerus erythropus,5
Ploceus castaneofuscus,5
Grayia smithii,5
Psorospermum guineense,5
Ficus saussureana,5
Nylanderia umbella,5
Monomorium rosae,5
Trichoscypha arborea,5
Annea afzelii,5
Anthonotha fragrans,5
Dioscorea burkilliana,5
Phrynoponera gabonensis,5
Costus dubius,5
Osteolaemus tetraspis,5
Dialium polyanthum,5
Cercestis dinklagei,5
Marcusenius senegalensis,5
Hypolytrum heteromorphum,5
Pyrrhochalcia iphis,5
Culcasia parviflora,5
Monodora myristica,5
Lamprotornis splendidus,5
Lomariopsis palustris,5
Pseudomacronychus scutellatus,5
Rhigiocarya peltata,5
Distichus gagatinus,5
Pandinus imperator,5
Harrisonia abyssinica,5
Solanum erianthum,5
Sclerophrys togoensis,5
Dactyladenia barteri,5
Enteromius macrops,5
Ficus sansibarica,5
Tetramorium flavithorax,5
Stephania dinklagei,5
Heliosciurus punctatus,5
Sacosperma paniculatum,5
Trichilia ornithothera,5
Afrixalus nigeriensis,5
Diospyros gabunensis,5
Smeringopus cylindrogaster,5
Crinum jagus,5
Macronyx croceus,5
Ruthalicia eglandulosa,5
Maesobotrya barteri,5
Hormonotus modestus,5
Crinum scillifolium,5
Centromyrmex sellaris,5
Medythia quaterna,5
Scoparia dulcis,5
Psychotria subobliqua,5
Passer domesticus,5
Coffea liberica,5
Mitracarpus hirtus,5
Hypoponera angustata,5
Idertia morsonii,5
Muscicapa comitata,5
Christella dentata,5
Microdinodes blickenstaffi,5
Ceratitis ditissima,5
Piptadeniastrum africanum,5
Aframomum cordifolium,5
Cleistanthus libericus,5
Scaphopetalum amoenum,5
Sarcophrynium prionogonium,5
Ficus conraui,5
Trichoscypha lucens,5
Cleistanthus polystachyus,5
Garcinia ovalifolia,5
Khaya anthotheca,5
Amphilius atesuensis,5
Aframomum longiscapum,5
Cola nitida,5
Cephalophus ogilbyi,5
Nephrolepis undulata,5
Rinorea breviracemosa,5
Megaloglossus woermanni,5
Eidolon helvum,5
Causus maculatus,5
Nauclea gilletii,5
Dracaena camerooniana,5
Oncinotis pontyi,5
Dichapetalum parvifolium,5
Magnistipula butayei,5
Clamator levaillantii,5
Anthreptes gabonicus,5
Crocidura nimbasilvanus,5
Crocidura eburnea,5
Carica papaya,5
Tetrorchidium didymostemon,5
Graphiurus nagtglasii,5
Illigera pentaphylla,5
Mussaenda elegans,5
Prodotiscus insignis,5
Clarias salae,5
Deinbollia pinnata,5
Monodora crispata,5
Phrynomantis microps,5
Castanola paradoxa,5
Agrilus lampyrus,5
Merops mentalis,5
Bothroponera silvestrii,5
Platycerium elephantotis,5
Psychotria guerzeensis,5
Pellaea doniana,5
Mormyrops anguilloides,5
Alchornea floribunda,5
Dracaena cristula,5
Senna podocarpa,5
Corymborkis corymbis,5
Drypetes ivorensis,5
Harungana madagascariensis,5
Trema orientale,5
Tragelaphus eurycerus,5
Laccosperma secundiflorum,5
Combretum cuspidatum,5
Cissus polyantha,5
Thaumatococcus daniellii,5
Selaginella myosurus,5
Ixora nimbana,5
Hoplestigma klaineanum,5
Funtumia elastica,5
Neotragus pygmaeus,5
Dorylus emeryi,5
Synedrella nodiflora,5
Loxodonta cyclotis,5
Klainedoxa gabonensis,5
Cryptolepis nigrescens,5
Rhaphiostylis preussii,4
Cardioglossa occidentalis,4
Anthonotha crassifolia,4
Solanum americanum,4
Crassocephalum crepidioides,4
Triumfetta cordifolia,4
Solanum nigrum,4
Cola simiarum,4
Triplophyllum protensum,4
Nylanderia luteafra,4
Campylospermum flavum,4
Tchagra senegalus,4
Acridocarpus plagiopterus,4
Lepidagathis alopecuroidea,4
Cyperus distans,4
Panicum brevifolium,4
Drynaria laurentii,4
Cuviera acutiflora,4
Croton hirtus,4
Dioscorea cayenensis,4
Adenia mannii,4
Barleria oenotheroides,4
Funtumia africana,4
Aviceda cuculoides,4
Physacanthus nematosiphon,4
Drypetes afzelii,4
Ehretia cymosa,4
Margaritaria discoidea,4
Alstonia boonei,4
Achyrospermum oblongifolium,4
Leptonychia pubescens,4
Celtis mildbraedii,4
Momordica cissoides,4
Duboscia viridiflora,4
Uvariopsis tripetala,4
Polyrhachis militaris,4
Placodiscus boya,4
Camponotus solon,4
Musanga cecropioides,4
Amorphophallus barthlottii,4
Tetramorium gegaimi,4
Asphinctopone silvestrii,4
Tetracera potatoria,4
Leptaulus daphnoides,4
Camponotus vividus,4
Tetramorium nodiferum,4
Begonia macrocarpa,4
Polystachya concreta,4
Garcinia afzelii,4
Diospyros vignei,4
Rhexipanchax schioetzi,4
Thryonomys swinderianus,4
Hymenolepis diminuta,4
Hibiscus comoensis,4
Cercocebus torquatus,4
Vepris tabouensis,4
Oxyanthus speciosus,4
Accipiter melanoleucus,4
Cenchrus hordeoides,4
Spermacoce exilis,4
Annickia polycarpa,4
Elaeis guineensis,4
Conchyloctenia hepatica,4
Dichapetalum oblongum,4
Rourea minor,4
Clappertonia minor,4
Brycinus nurse,4
Dracaena ovata,4
Sternotomis mirabilis,4
Idertia axillaris,4
Scepocarpus obovatus,4
Ptychadena longirostris,4
Meganola cinereoparva,4
Combretum oyemense,4
Parkia bicolor,4
Strychnos dinklagei,4
Pterocarpus santalinoides,4
Heterobranchus longifilis,4
Mapania linderi,4
Premna hutchinsonii,4
Bothrophthalmus lineatus,4
Psychotria dorotheae,4
Baissea baillonii,4
Dalbergia afzeliana,4
Tricalysia pallens,4
Mecistops cataphractus,4
Genetta johnstoni,4
Afronatrix anoscopus,4
Pyrenacantha klaineana,4
Polystachya paniculata,4
Chassalia corallifera,4
Adenia dinklagei,4
Combretum aphanopetalum,4
Drypetes principum,4
Mucuna flagellipes,4
Macrosternus lafertei,4
Angraecum pyriforme,4
Strychnos barteri,4
Syzygium guineense,4
Loesenera kalantha,4
Ficus craterostoma,4
Abrus fruticulosus,4
Anomalurus beecrofti,4
Strychnos soubrensis,4
Trichilia monadelpha,4
Aframomum melegueta,4
Crotonogynopsis akeassii,4
Gilbertiodendron preussii,4
Sabicea discolor,4
Dichapetalum staudtii,4
Clerodendrum silvanum,4
Virectaria procumbens,4
Prosopocoilus kirchneri,4
Heterocerus elongatus,4
Millettia chrysophylla,4
Empogona reflexa,4
Glareola nuchalis,4
Mussaenda chippii,4
Sylvietta denti,4
Pitta angolensis,4
Scleria boivinii,4
Solanum donianum,4
Polyspatha paniculata,4
Landolphia membranacea,4
Falco tinnunculus,4
Jubula lettii,4
Hipposideros beatus,4
Ochyropus gigas,4
Microsorum punctatum,4
Pterygota bequaertii,4
Asplenium africanum,4
Napoleonaea leonensis,4
Microcos malacocarpa,4
Gardenia vogelii,4
Andropogon chinensis,4
Costus afer,4
Leonotis nepetifolia,4
Drypetes inaequalis,4
Petersianthus macrocarpus,4
Pityrogramma calomelanos,4
Rhigioglossa montonenae,4
Tetrapleura chevalieri,4
Pentadesma butyracea,4
Crocidura grandiceps,4
Selaginella vogelii,4
Scotopelia ussheri,4
Dicliptera elliotii,4
Nigrita luteifrons,4
Motacilla flava,4
Hieraaetus ayresii,4
Lasianthus batangensis,4
Archophanes cratericollis,4
Doryrhina cyclops,4
Struchium sparganophorum,4
Phrynobatrachus plicatus,4
Guibourtia ehie,4
Phrynobatrachus fraterculus,4
Dorylus nigricans,4
Psychotria vogeliana,4
Sclerophrys maculata,4
Tilapia brevimanus,4
Mussaenda afzelii,4
Coffea ebracteolata,4
Thecacoris stenopetala,4
Afronandus sheljuzhkoi,4
Kribia nana,4
Uvaria anonoides,4
Mastacembelus liberiensis,4
Omphalocarpum pachysteloides,4
Sylvietta virens,4
Baphia capparidifolia,4
Bubo poensis,4
Tricalysia biafrana,4
Lasiodiscus fasciculiflorus,4
Icacina trichantha,4
Anopyxis klaineana,4
Bussea occidentalis,4
Lonchura cucullata,4
Rutidea parviflora,4
Hoplobatrachus occipitalis,4
Salacia columna,4
Uvariopsis congensis,4
Leptactina densiflora,4
Nephrolepis acutifolia,4
Rutidea membranacea,4
Ficus exasperata,4
Manis tetradactyla,4
Ipomoea mauritiana,3
Pleiocarpa mutica,3
Ficus tesselata,3
Afrocayratia gracilis,3
Steinchisma laxum,3
Afzelia bella,3
Drypetes aylmeri,3
Lasiodiscus chevalieri,3
Alafia barteri,3
Phrynobatrachus phyllophilus,3
Phyllastrephus albigularis,3
Xylia evansii,3
Oplismenus hirtellus,3
Ancylonotus tribulus,3
Triplophyllum jenseniae,3
Illigera vespertilio,3
Microglossa pyrifolia,3
Ongokea gore,3
Commelina capitata,3
Microcos barombiensis,3
Hippocratea myriantha,3
Tristemma albiflorum,3
Tetracera affinis,3
Mussaenda erythrophylla,3
Pouzolzia guineensis,3
Scleria depressa,3
Anisostachya tenella,3
Rhodognaphalon brevicuspe,3
Psychotria peduncularis,3
Phyllanthus urinaria,3
Magnistipula cupheiflora,3
Empogona macrophylla,3
Commelina diffusa,3
Tabernaemontana africana,3
Blighia welwitschii,3
Diodia rubricosa,3
Bonamia thunbergiana,3
Lindackeria dentata,3
Vanilla crenulata,3
Picralima nitida,3
Mussaenda isertiana,3
Lagenaria breviflora,3
Euclinia longiflora,3
Grewia mollis,3
Scleria naumanniana,3
Ruthalicia longipes,3
Tabernaemontana crassa,3
Voacanga bracteata,3
Platycerium stemaria,3
Campylospermum squamosum,3
Erythrophleum ivorense,3
Vitex rivularis,3
Rhynchospora corymbosa,3
Asplenium variabile,3
Paullinia pinnata,3
Cyrtococcum chaetophoron,3
Didymosalpinx abbeokutae,3
Erythrococca anomala,3
Spigelia anthelmia,3
Gongronemopsis latifolia,3
Oncinotis nitida,3
Ipomoea batatas,3
Ficus asperifolia,3
Nephthytis afzelii,3
Triclisia patens,3
Urena lobata,3
Entandrophragma utile,3
Leptactina arborescens,3
Oncoba spinosa,3
Cenchrus setosus,3
Rhigiocarya leonensis,3
Pentaclethra macrophylla,3
Memecylon normandii,3
Warneckea sessilicarpa,3
Bulbophyllum magnibracteatum,3
Vangueriella vanguerioides,3
Polystachya coriscensis,3
Sabicea cordata,3
Keetia rubens,3
Pigea enneasperma,3
Cyrtorchis arcuata,3
Camponotus acvapimensis,3
Chlorophytum alismifolium,3
Laccosperma laeve,3
Combretum racemosum,3
Cissus producta,3
Aframomum strobilaceum,3
Lygodium smithianum,3
Tarenna nitidula,3
Tetramorium sericeiventre,3
Thonningia sanguinea,3
Heritiera utilis,3
Onthophagus gravoti,3
Tarenna bipindensis,3
Aubregrinia taiensis,3
Lasiodiscus mannii,3
Psidium guajava,3
Maesopsis eminii,3
Tiliacora dinklagei,3
Brillantaisia lamium,3
Flabellaria paniculata,3
Mastomys erythroleucus,3
Geokichla princei,3
Cyperus tonkinensis,3
Hydrictis maculicollis,3
Loeseneriella africana,3
Drypetes aframensis,3
Homalium africanum,3
Strephonema pseudocola,3
Campylostemon warneckeanum,3
Amnirana occidentalis,3
Erythroxylum mannii,3
Neuropeltis velutina,3
Marantochloa congensis,3
Pyrenacantha manchesteriana,3
Synsepalum afzelii,3
Bridelia micrantha,3
Accipiter tachiro,3
Homelix cribratipennis,3
Eriulis variolosa,3
Ptychadena oxyrhynchus,3
Charaxes eupale,3
Cymothoe sangaris,3
Loudetia simplex,3
Neuropeltis acuminata,3
Calamus deerratus,3
Strombosia pustulata,3
Octolepis decalepis,3
Afrixalus dorsalis,3
Bubo shelleyi,3
Cinnyris superbus,3
Aenictus bidentatus,3
Cyrtorchis ringens,3
Phyllocosmus africanus,3
Chromolaena odorata,3
Myrianthus arboreus,3
Copaifera salikounda,3
Calyptrochilum christyanum,3
Dactyladenia scabrifolia,3
Combretum platypterum,3
Albizia dinklagei,3
Uvariodendron occidentale,3
Rhabdophyllum calophyllum,3
Psychotria chalconeura,3
Stachytarpheta indica,3
Cola reticulata,3
Python sebae,3
Kassina lamottei,3
Setaria megaphylla,3
Tauraco persa,3
Hemidactylus ansorgii,3
Delonix regia,3
Bulbophyllum pumilum,3
Atilax paludinosus,3
Astylosternus occidentalis,3
Profelis aurata,3
Baphia nitida,3
Psydrax manensis,3
Thunbergia chrysops,3
Tetracera alnifolia,3
Discoglypremna caloneura,3
Cissus glaucophylla,3
Cordia platythyrsa,3
Agama picticauda,3
Secamone afzelii,3
Centrosema pubescens,3
Natriciteres variegata,3
Phrynobatrachus villiersi,3
Antiaris toxicaria,3
Anhinga rufa,3
Friesodielsia hirsuta,3
Pteris similis,3
Trichoscypha cavalliensis,3
Grammomys dolichurus,3
Xiphinema elongatum,3
Amaurornis flavirostra,3
Hemicycliophora oostenbrinki,3
Okoubaka aubrevillei,3
Buteo auguralis,3
Elanus caeruleus,3
Epidichostates strandi,3
Gnathoenia tropica,3
Xylopia villosa,3
Ancistrorhynchus cephalotes,3
Meganola taiana,3
Strychnos camptoneura,3
Podangis rhipsalisocia,3
Thelotornis kirtlandii,3
Campylospermum subcordatum,3
Gambeya perpulchra,3
Asystasia vogeliana,3
Microlepia speluncae,3
Sarotherodon galilaeus,3
Labeo senegalensis,3
Heterotis rotundifolia,3
Fimbristylis dichotoma,3
Epomops franqueti,3
Uapaca guineensis,3
Aristolochia macrocarpa,3
Spondias mombin,3
Synodontis bastiani,3
Maschalocephalus dinklagei,3
Bolbitis gemmifer,3
Octoknema borealis,3
Calymperes lonchophyllum,3
Gilbertiodendron ivorense,3
Ormocarpum sennoides,3
Oreochromis niloticus,3
Gambeya beguei,3
Costus schlechteri,3
Kigelia africana,3
Genetta maculata,3
Guyonia ciliata,3
Eriocoelum racemosum,3
Pyrenacantha vogeliana,3
Combretum bipindense,3
Centotheca lappacea,3
Psalidomyrmex foveolatus,3
Croton penduliflorus,3
Aneilema dispermum,3
Myotis bocagii,3
Uvaria afzelii,3
Microsorum scolopendria,3
Mesoponera caffraria,3
Mops thersites,3
Dicroaspis laevidens,3
Paraparatrechina albipes,3
Hypoponera punctatissima,3
Charaxes protoclea,3
Floscopa africana,3
Oryza glaberrima,3
Tetramorium pylacum,3
Bidens pilosa,3
Dorylus kohli,3
Tetramorium amentete,3
Camponotus flavomarginatus,3
Camponotus polyrhachioides,3
Tapinoma lugubre,3
Clerodendrum volubile,3
Sesamum radiatum,3
Cuviera nigrescens,3
Dactylispa aculeata,3
Ceratitis colae,3
Tetraponera mocquerysi,3
Salacia lateritia,3
Rothmannia hispida,3
Trachylepis affinis,3
Monomorium exiguum,3
Psychotria ombrophila,3
Cinnyris coccinigastrus,3
Veles binotatus,3
Laccosperma opacum,3
Toxicodryas pulverulenta,3
Calyptomyrmex nummuliticus,3
Cola lateritia,3
Mischogyne elliotianum,3
Vitex grandifolia,3
Scepocarpus oblongifolius,3
Aenictus mvuvii,3
Tetramorium quadridentatum,3
Epixerus ebii,3
Tetramorium versiculum,3
Oxyanthus subpunctatus,3
Methles cribratellus,3
Tristemma involucratum,3
Dendrohyrax dorsalis,3
Achatina achatina,3
Dendropicos goertae,3
Chassalia subherbacea,3
Breviea sericea,2
Milicia regia,2
Gluema ivorensis,2
Cassipourea nialatou,2
Xylopia elliotii,2
Psychotria calva,2
Magnistipula zenkeri,2
Arthonia lobulocarpa,2
Charaxes cynthia,2
Adenia lobata,2
Cleistopholis patens,2
Cola caricifolia,2
Combretum comosum,2
Onthophagus strictestriatus,2
Ipomoea pileata,2
Grona adscendens,2
Vangueriella orthacantha,2
Sabicea harleyae,2
Onthophagus gibbidorsis,2
Anthocleista djalonensis,2
Artabotrys oliganthus,2
Cercestis sagittatus,2
Bolbitis acrostichoides,2
Cecropis semirufa,2
Anchomanes difformis,2
Buforrestia obovata,2
Psychotria limba,2
Ceiba pentandra,2
Anaglymma consobrina,2
Onthophagus foulliouxi,2
Platysteira blissetti,2
Eleuthemis umbrina,2
Brugmansia suaveolens,2
Aedes aegypti,2
Bathmocercus cerviniventris,2
Dacus bivittatus,2
Monanthotaxis schweinfurthii,2
Dioscorea alata,2
Gilbertiodendron bilineatum,2
Salacia stuhlmanniana,2
Xystrocera nigrita,2
Commelina bracteosa,2
Manihot carthagenensis,2
Manihot esculenta,2
Keayodendron bridelioides,2
Euphorbia grandifolia,2
Agrilus maddalenae,2
Cyperus pseudopilosus,2
Mecynorhina harrisii,2
Gametoides sanguinolenta,2
Mehelya poensis,2
Polycarpon prostratum,2
Strychnos asterantha,2
Fustigerinus formicarius,2
Tristemma mauritianum,2
Gynandropsis gynandra,2
Memecylon polyanthemos,2
Hexalobus salicifolius,2
Millettia sanagana,2
Zeuxine stammleri,2
Myrmeleon sexmaculatus,2
Bulbophyllum fuscum,2
Cordia vignei,2
Ancistrorhynchus straussii,2
Hexalobus crispiflorus,2
Leplaea thompsonii,2
Citrus limon,2
Psychotria rufipilis,2
Hygrophila odora,2
Geophila flaviflora,2
Dicliptera alternans,2
Momordica cabrae,2
Memecylon accedens,2
Tristemma coronatum,2
Asystasia trichotogyne,2
Habenaria macrandra,2
Pyrenacantha thomsoniana,2
Proagoderus ritsemai,2
Englerina parviflora,2
Strychnos congolana,2
Cryptosepalum tetraphyllum,2
Dyaphorophyia castanea,2
Pteris hamulosa,2
Dioscorea baya,2
Sesamum indicum,2
Friesodielsia velutina,2
Ipomoea triloba,2
Hyperolius fusciventris,2
Eurysops similis,2
Hister circulus,2
Rhinacanthus virens,2
Incala stampflii,2
Onthophagus dorsuosus,2
Pteris mildbraedii,2
Loudetiopsis ambiens,2
Andropogon perligulatus,2
Vanilla africana,2
Solanum violaceum,2
Scleria iostephana,2
Cola pachycarpa,2
Triplochiton scleroxylon,2
Donella pruniformis,2
Craterosiphon scandens,2
Psydrax subcordatus,2
Vitex ferruginea,2
Rutidea smithii,2
Keetia rufivillosa,2
Hibiscus sterculiifolius,2
Microdesmis puberula,2
Crossostemma laurifolium,2
Albizia ferruginea,2
Entada mannii,2
Phyllanthus niruroides,2
Melastomastrum capitatum,2
Heliotropium indicum,2
Culcasia lanceolata,2
Cuervea macrophylla,2
Garcinia quadrifaria,2
Aulacocalyx jasminiflora,2
Homalium smythei,2
Napoleonaea vogelii,2
Donella welwitschii,2
Erigeron floribundus,2
Berlinia grandiflora,2
Acroceras zizanioides,2
Vincetoxicum oculatum,2
Orthopichonia barteri,2
Torenia thouarsii,2
Zanthoxylum gilletii,2
Dactyloctenium aegyptium,2
Smeathmannia pubescens,2
Stachytarpheta jamaicensis,2
Cardiospermum halicacabum,2
Detarium senegalense,2
Culcasia angolensis,2
Bequaertia mucronata,2
Dalbergia rufa,2
Boerhavia diffusa,2
Aganope leucobotrya,2
Strychnos usambarensis,2
Angraecum distichum,2
Gambeya subnuda,2
Strychnos campicola,2
Cyclosorus striatus,2
Mapania minor,2
Nephrolepis biserrata,2
Chytranthus setosus,2
Warneckea cinnamomoides,2
Coleus graniticola,2
Beilschmiedia mannii,2
Ficus elasticoides,2
Palhinhaea cernua,2
Monosis conferta,2
Strophanthus gratus,2
Sterculia tragacantha,2
Pycnanthus angolensis,2
Protoxerus aubinnii,2
Phyllanthus muellerianus,2
Paraxerus poensis,2
Otus icterorhynchus,2
Chlorophytum inornatum,2
Myrianthus libericus,2
Morinda morindoides,2
Melignomon eisentrauti,2
Megaphrynium distans,2
Maranthes aubrevillei,2
Ludwigia erecta,2
Pyrenacantha villiersii,2
Keetia leucantha,2
Rourea thomsonii,2
Irvingia grandifolia,2
Hugonia platysepala,2
Garcinia gnetoides,2
Homalium letestui,2
Ficus sagittifolia,2
Ficus kamerunensis,2
Ficus bubu,2
Zanthoxylum atchoum,2
Euadenia eminens,2
Daniellia ogea,2
Dalbergia albiflora,2
Alsophila camerooniana,2
Xylopia quintasii,2
Prosopocera viridifulgens,2
Tristemma hirtum,2
Sarothrura pulchra,2
Irvingia gabonensis,2
Hypselodelphys triangularis,2
Dasylepis racemosa,2
Cyperus tenuis,2
Entandrophragma angolense,2
Leptoderris sassandrensis,2
Capsicum frutescens,2
Homalium longistylum,2
Drypetes chevalieri,2
Acroceras gabunense,2
Antidesma laciniatum,2
Diospyros viridicans,2
Didelotia idae,2
Daniellia thurifera,2
Ruellia primuloides,2
Cryptolepis eburnea,2
Stereospermum acuminatissimum,2
Aframomum cereum,2
Pachylobus klaineana,2
Holarrhena floribunda,2
Landolphia incerta,2
Hugonia planchonii,2
Tristemma akeassii,2
Heliosciurus gambianus,2
Dalechampia ipomoeifolia,2
Trochocercus nitens,2
Kolobopetalum chevalieri,2
Pseudalethe poliocephala,2
Dendropicos gabonensis,2
Laportea aestuans,2
Chasmopodium caudatum,2
Lomariopsis rossii,2
Tetramorium occidentale,2
Mimosa pudica,2
Pseudagris nigrorufa,2
Polyrhachis fissa,2
Discothyrea mixta,2
Cataulacus erinaceus,2
Monomorium bicolor,2
Leptogenys guineensis,2
Dactylispa tenella,2
Tetramorium guineense,2
Tetramorium simillimum,2
Leptogenys microps,2
Leptogenys camerunensis,2
Acrocerides theorini,2
Culcasia tenuifolia,2
Phrynobatrachus ghanensis,2
Cardiocondyla emeryi,2
Eupotemus taianus,2
Chiromantis rufescens,2
Pseudocreobotra wahlbergi,2
Raphia farinifera,2
Damon medius,2
Ardea melanocephala,2
Sclerophrys regularis,2
Trichonephila fenestrata,2
Hemidactylus mabouia,2
Afrixalus vittiger,2
Hikangia liberiensis,2
Tetramorium flabellum,2
Falsopedilus bismacrocephalus,2
Cyanomitra verticalis,2
Coptodon guineensis,2
Micralestes occidentalis,2
Costus gracillimus,2
Scottellia klaineana,2
Omphalocarpum ahia,2
Cyperus renschii,2
Mallotus oppositifolius,2
Mastacembelus nigromarginatus,2
Aframomum sulcatum,2
Manzuma jocquei,2
Euphaedra medon,2
Actitis hypoleucos,2
Philantomba monticola,2
Pandion haliaetus,2
Nasutitermes arborum,2
Psychotria aquatica,2
Leptogenys elegans,2
Kinixys erosa,2
Accipiter badius,2
Technomyrmex moerens,2
Numida meleagris,2
Menigius sulciger,2
Polemon acanthias,2
Leptaulaca fissicollis,2
Tetramorium minusculum,2
Cataulacus egenus,2
Apomyrma stygia,2
Meganola subchionea,2
Miniodes discolor,2
Cossypha cyanocampter,2
Mimosa pigra,2
Schilbe intermedius,2
Helicotylenchus paracanalis,2
Helicotylenchus erythrinae,2
Vesicularia glaucula,2
Hemicycliophora lutosa,2
Melanopolia catori,2
Stromatopelma calceatum,2
Amitermes evuncifer,2
Hylomyscus baeri,2
Helicotylenchus nigeriensis,2
Boaedon virgatus,2
Bitis nasicornis,2
Gonionotophis klingi,2
Xiphinema brasiliense,2
Hyperolius guttulatus,2
Dipsadoboa unicolor,2
Platythyrea conradti,2
Strumigenys rogeri,2
Afrotyphlops punctatus,2
Cubitermes fungifaber,2
Ancistrotermes guineensis,2
Polyrhachis decemdentata,2
Polyrhachis esarata,2
Cataulacus guineensis,2
Camponotus foraminosus,2
Cricetomys gambianus,2
Crematogaster clariventris,2
Microcerotermes edentatus,2
Syntriandrium preussii,2
Enteromius tiekoroi,2
Celosia trigyna,2
Cnestis bomiensis,2
Phyllanthus nummulariifolius,2
Morerella cyanophthalma,2
Belippo milloti,2
Phrynobatrachus taiensis,2
Zanthoxylum rubescens,2
Cinnyris venustus,2
Garcinia kola,2
Crocidura theresae,2
Vandellia senegalensis,2
Vandellia diffusa,2
Cissus miegei,2
Bacelarella dracula,2
Ardea cinerea,2
Albizia adianthifolia,2
Xylopia staudtii,2
Myrianthus serratus,2
Mus minutoides,2
Smeringopus pallidus,2
Clappertonia ficifolia,2
Albizia zygia,2
Newtonia aubrevillei,2
Cephalophus brookei,2
Zonocerus variegatus,2
Nanidorus minor,2
Heterodera sacchari,2
Dracaena phanerophlebia,2
Psychotria spathacea,2
Combretum mucronatum,2
Hemidactylus muriceus,2
Parailia pellucida,2
Acrostichum aureum,2
Davallia chaerophylloides,2
Aonyx capensis,2
Macropsychanthus hexander,2
Bitis gabonica,2
Scleria verrucosa,2
Platostoma africanum,2
Polhillides velutina,2
Spermacoce intricans,2
Cyperus dubius,2
Diospyros heudelotii,2
Pipistrellus nanulus,2
Vigna gracilis,2
Soyauxia grandifolia,2
Scotonycteris occidentalis,2
Mimetillus moloneyi,2
Crotonogyne caterviflora,2
Cyphostemma vogelii,2
Talinum fruticosum,2
Chiloglanis occidentalis,2
Psychotria brachyanthoides,2
Thunbergia cynanchifolia,2
Chytranthus atroviolaceus,2
Cerastes cerastes,2
Megaphrynium macrostachyum,2
Aframomum angustifolium,2
Antidesma rufescens,2
Colobus vellerosus,2
Macrobrachium macrobrachion,2
Clerodendrum splendens,2
Vitex micrantha,2
Amphimas pterocarpoides,2
Pteris atrovirens,2
Spermacoce verticillata,2
Sherbournia bignoniiflora,2
Afrotrilepis pilosa,2
Leptopelis macrotis,2
Dioscorea preussii,2
Rhaphiostylis beninensis,2
Paspalum conjugatum,2
Ricinodendron heudelotii,2
Varanus niloticus,2
Bycanistes subcylindricus,2
Aframomum limbatum,2
Gouania longipetala,2
Macrobrachium vollenhovenii,2
Sterculia oblonga,2
Oldenlandia lancifolia,2
Sabicea geophiloides,2
Salacia debilis,2
Psychotria copeensis,2
Ficus calyptrata,2
Sida rhombifolia,2
Trichilia martineaui,2
Pseudoromicia brunnea,2
Gilbertiodendron limba,2
Psittacus erithacus,2
Argomuellera macrophylla,2
Phyllanthus amarus,2
Psychotria bidentata,2
Palisota bracteosa,2
Nelsonia smithii,2
Lecane lunaris,2
Chamaeleo gracilis,2
Ancistrocladus barteri,2
Pyrenacantha glabrescens,2
Dictyophleba leonensis,2
Dorylus mayri,2
Alestes baremoze,2
Momordica charantia,2
Rhipsalis baccifera,2
Enteromius eburneensis,2
Manis gigantea,2
Egretta gularis,2
Crocidura poensis,2
Ctenopoma petherici,2
Columba livia,2
Egretta intermedia,2
Awaous lateristriga,2
Epomophorus pusillus,2
Reissantia indica,2
Placodiscus splendidus,2
Chrysichthys johnelsi,2
Asplenium barteri,2
Tragia tenuifolia,2
Thoracotermes macrothorax,2
Psychotria psychotrioides,2
Agama agama,2
Dendrohyrax arboreus,2
Tragia spathulata,2
Abacopteris afra,2
Parinari congensis,2
Chloris pilosa,2
Galerella sanguinea,2
Persicaria acuminata,1
Psychotria subglabra,1
Vanellus spinosus,1
Pauridiantha stipulosa,1
Psychotria fernandopoensis,1
Cymothoe jodutta,1
Achrocerides theorini,1
Solanum dasyphyllum,1
Datura stramonium,1
Coffea canephora,1
Polystachya dolichophylla,1
Embelia djalonensis,1
Pseudoneptis bugandensis,1
Corchorus olitorius,1
Cremaspora triflora,1
Neomardara africana,1
Eugenia fernandopoana,1
Microcoelia macrorrhynchia,1
Ixobrychus minutus,1
Ansellia africana,1
Heckeldora leonensis,1
Gossypium triphyllum,1
Ethmostigmus trigonopodus,1
Craterostigma nummulariifolium,1
Ekebergia capensis,1
Aframomum exscapum,1
Geophila cordiformis,1
Chlorophytum lancifolium,1
Polystachya adansoniae,1
Polystachya modesta,1
Dorstenia psilurus,1
Eugenia gabonensis,1
Pilea angolensis,1
Campylospermum dybovskii,1
Tricalysia faranahensis,1
Listrostachys pertusa,1
Cyrtorchis monteiroae,1
Meganaclia josephi,1
Bulbophyllum scaberulum,1
Tricalysia reticulata,1
Angraecum birrimense,1
Pycnocycla ledermannii,1
Meganaclia johannae,1
Ludwigia leptocarpa,1
Empogona filiformistipulata,1
Placodiscus pseudostipularis,1
Corchorus lobatus,1
Chytranthus verecundus,1
Habenaria zambesina,1
Gnidia involucrata,1
Homalium stipulaceum,1
Eulophia cucullata,1
Cola millenii,1
Zanthoxylum leprieurii,1
Bulbophyllum barbigerum,1
Bolusiella zenkeri,1
Bulbophyllum lupulinum,1
Bulbophyllum scariosum,1
Peperomia rotundifolia,1
Chytranthus macrobotrys,1
Polystachya mukandaensis,1
Oriolus auratus,1
Atimastillas flavicollis,1
Bulbophyllum calyptratum,1
Psychotria brachyantha,1
Homalium lastoursvillense,1
Macrosphyra longistyla,1
Ixobrychus sturmii,1
Petrea volubilis,1
Porphyrio alleni,1
Bulbophyllum leucorhachis,1
Acraea egina,1
Lygodactylus conraui,1
Cuviera macroura,1
Genetta tigrina,1
Zanthoxylum parvifoliolum,1
Gavialis gangeticus,1
Eulophia gracilis,1
Eriocoelum pungens,1
Adenopodia scelerata,1
Entandrophragma cylindricum,1
Entandrophragma candollei,1
Englerophytum magalismontanum,1
Saxicolella submersa,1
Dyaphorophyia concreta,1
Dracaena mannii,1
Dracaena phrynioides,1
Guyonia entii,1
Aspidimorpha dissentanea,1
Diospyros kamerunensis,1
Dinklageella liberica,1
Monodiger ivoricus,1
Hexasepalum scandens,1
Diaphananthe bidens,1
Dialium guineense,1
Desplatsia dewevrei,1
Pseudoclivina grandis,1
Cyperus haspan,1
Cyperus buchholzii,1
Ficus ingens,1
Dendroaspis angusticeps,1
Ficus lyrata,1
Indicator conirostris,1
Vandellia vogelii,1
Torenia crustacea,1
Leptoderris cyclocarpa,1
Lecaniodiscus cupanioides,1
Lannea welwitschii,1
Python regius,1
Keetia multiflora,1
Strix aluco,1
Tockus flavirostris,1
Ixora hiernii,1
Pternistis leucoscepus,1
Hypolytrum poecilolepis,1
Ficus mucuso,1
Hyperolius picturatus,1
Hyperolius concolor,1
Hyperolius chlorosteus,1
Hymenocoleus neurodictyon,1
Hippocratea vignei,1
Leplaea cedrata,1
Glinus oppositifolius,1
Alcedo atthis,1
Geophila repens,1
Gardenia nitida,1
Flagellaria guineensis,1
Prosopocoilus antilopus,1
Microdinodes simoni,1
Hyperolius zonatus,1
Cucumis setosus,1
Bombax buonopozense,1
Acraea peneleos,1
Blighia unijugata,1
Blighia sapida,1
Euporus liobasis,1
Balanites wilsoniana,1
Atroxima liberica,1
Arthropteris orientalis,1
Podosporium caudatum,1
Antrocaryon micraster,1
Lepisanthes senegalensis,1
Anthocleista nobilis,1
Bitis rhinoceros,1
Ancistrorhynchus clandestinus,1
Trichonephila turneri,1
Ancylobothrys scandens,1
Ampelocissus leonensis,1
Alternanthera sessilis,1
Allophylus talbotii,1
Albertisia scandens,1
Aganope lucida,1
Afzelia parviflora,1
Senegalia brevispica,1
Acanthospermum hispidum,1
Mochlus fernandi,1
Buchholzia coriacea,1
Acraea epaea,1
Bulbophyllum schinzianum,1
Coccinia barteri,1
Ctenitis protensa,1
Croton macrostachyus,1
Croton aubrevillei,1
Crudia gabonensis,1
Dactylispa pubicollis,1
Combretum paniculatum,1
Combretum homalioides,1
Combretum fuscum,1
Acraea zetes,1
Acraea vestalis,1
Cola buntingii,1
Clerodendrum umbellatum,1
Canarium schweinfurthii,1
Clerodendrum formicarum,1
Clerodendrum capitatum,1
Acraea leucographa,1
Acraea circeis,1
Marantochloa conferta,1
Christiana africana,1
Chassalia elongata,1
Acraea quirina,1
Celtis adolfi-friderici,1
Celosia leptostachya,1
Cardioglossa leucomystax,1
Marantochloa mannii,1
Commelina macrosperma,1
Pleroma granulosum,1
Crinum pauciflorum,1
Uvariopsis globiflora,1
Uvaria thomasii,1
Uvaria muricata,1
Scopus umbretta,1
Monodora undulata,1
Monanthotaxis barteri,1
Ceratitis penicillata,1
Ceratitis fasciventris,1
Artabotrys velutinus,1
Artabotrys hispidus,1
Pseudospondias microcarpa,1
Cyphostemma ornatum,1
Cissus aralioides,1
Amaranthus viridis,1
Melastomastrum theifolium,1
Dracaena congoensis,1
Cordyline fruticosa,1
Ruellia congoensis,1
Ruellia togoensis,1
Phaulopsis imbricata,1
Mendoncia gilgiana,1
Ceratitis tripteris,1
Trirhithrum coffeae,1
Dyschoriste nagchana,1
Acanthus montanus,1
Lybius bidentatus,1
Phyllogyalidea phyllophila,1
Selenops radiatus,1
Anansus ewe,1
Pholcus kakum,1
Physocyclus globosus,1
Nyikoa limbe,1
Drypetes klainei,1
Copris phungae,1
Xylopia le-testui,1
Diastellopalpus noctis,1
Onthophagus atridorsis,1
Agrilus alluaudi,1
Psychotria micheliae,1
Ritchiea capparoides,1
Agrilus aberlenci,1
Empogona bracteata,1
Onthophagus maxwellianus,1
Onthophagus androgynus,1
Anaglymma punctipennis,1
Onthophagus lamottei,1
Anaglymma impar,1
Indicator exilis,1
Warneckea memecyloides,1
Syrrheonema hexastamineum,1
Brachycorythis pumilio,1
Rungia congoensis,1
Euphaedra crockeri,1
Eugenia tabouensis,1
Drypetes laciniata,1
Solanum scabrum,1
Brassica carinata,1
Anomalurus derbianus,1
Beilschmiedia chevalieri,1
Dacus punctatifrons,1
Dacus humeralis,1
Dacus armatus,1
Perithalera oblongata,1
Dolichos tonkouiensis,1
Scopula opicata,1
Cisticola cantans,1
Apus batesi,1
Nycteris intermedia,1
Myonycteris leptodon,1
Megaloglossus azagnyi,1
Kerivoula cuprosa,1
Mops spurrelli,1
Nycteris hispida,1
Nycteris major,1
Glauconycteris beatrix,1
Mops brachypterus,1
Kerivoula phalaena,1
Nycticeinops grandidieri,1
Nycticorax nycticorax,1
Cuculus gularis,1
Cisticola erythrops,1
Psalidoprocne obscura,1
Lamprotornis iris,1
Ardea alba,1
Wissadula periplocifolia,1
Trichothelium akeassii,1
Nycticeinops crassulus,1
Arthonia flavoverrucosa,1
Afrocerophytum vix,1
Vanbenedenia kroeyeri,1
Guyonia jacquesii,1
Hemichromis elongatus,1
Dacus ciliatus,1
Hemichromis letourneuxi,1
Vampirolepis khalili,1
Dacus theophrastus,1
Lophorrhachia palliata,1
Chorodnodes rothi,1
Mesocoelium monodi,1
Pseudoanthidium lanificum,1
Leggogovia pabsgarnoni,1
Dephomys eburneae,1
Pseudoromicia tenuipinnis,1
Afronycteris nanus,1
Cyanotis lanata,1
Malacomys longipes,1
Phaon iridipennis,1
Ficus recurvata,1
Trichanthecium parvifolium,1
Cajanus cajan,1
Hipposideros caffer,1
Chloropoea warburgi,1
Charaxes zingha,1
Cheroscelis oospila,1
Charaxes numenes,1
Charaxes tiridates,1
Charaxes imperialis,1
Dasymacaria ansorgei,1
Charaxes lucretius,1
Ceratitis punctata,1
Raiamas senegalensis,1
Carpophilus marginellus,1
Neuropeltis prevosteoides,1
Onthophagus kindianus,1
Ricinus communis,1
Odontadenia nitida,1
Dipsadoboa underwoodi,1
Manihot grahamii,1
Nudaurelia petiveri,1
Nephila constricta,1
Chrozophora senegalensis,1
Diospyros ferrea,1
Scleria achtenii,1
Cyperus pumilus,1
Epipagis olesialis,1
Cyperus cyperoides,1
Mariscus luridus,1
Tarenna eketensis,1
Spermacoce latifolia,1
Clerodendrum schweinfurthii,1
Gomphia sacleuxii,1
Rinorea rubra,1
Pouchetia parviflora,1
Chassalia laxiflora,1
Crepidomanes parvulum,1
Crepidomanes melanotrichum,1
Loxogramme lanceolata,1
Phostria hesusalis,1
Ctenitis cirrhosa,1
Asplenium formosum,1
Cyperus mindorensis,1
Fuirena umbellata,1
Oncinotis glabrata,1
Panicum afzelii,1
Leucinodes hemichionalis,1
Bebearia cocalia,1
Marantochloa purpurea,1
Hibiscus cannabinus,1
Hibiscus lunariifolius,1
Strychnos splendens,1
Sylvia borin,1
Chlorophytum nzii,1
Stylosanthes erecta,1
Neorautanenia mitis,1
Erythrina excelsa,1
Erythrina crista-galli,1
Dalbergia hostilis,1
Palpopleura lucia,1
Prioria buchholzii,1
Dichrostachys cinerea,1
Aubrevillea kerstingii,1
Detarium microcarpum,1
Baissea axillaris,1
Senna tuhovalyana,1
Cryptosepalum minutifolium,1
Cynometra megalophylla,1
Senna surattensis,1
Senna alata,1
Guilandina bonduc,1
Coleus lateriticola,1
Coleus pobeguinii,1
Anubias barteri,1
Salacia miegei,1
Fimbristylis littoralis,1
Cyperus tuberosus,1
Tectaria angelicifolia,1
Mus musculus,1
Sternotomis amabilis,1
Diplognatha gagates,1
Lemniscomys zebra,1
Mus mattheyi,1
Pholidochris brenskei,1
Caelorrhina thoreyi,1
Suncus megalura,1
Stethodesma strachani,1
Xenodorus janus,1
Plectogaster jordani,1
Cordylomera spinicornis,1
Rhyparus occidentalis,1
Crocidura goliath,1
Clivina makolskii,1
Tithonia diversifolia,1
Pycnoschema lacordairei,1
Oncocephala severinii,1
Hydaticus speciosus,1
Microporus xanthopus,1
Rhizoplatys morettoi,1
Charadronota pectoralis,1
Stephanorrhina guttata,1
Labeobarbus bynni,1
Prosopocoilus perbeti,1
Adidactus striolatus,1
Climacodon sanguineus,1
Neptis nemetes,1
Prosopocoilus dallastai,1
Atheris hirsuta,1
Cyperus difformis,1
Cynisca leucura,1
Brassica juncea,1
Camonea umbellata,1
Stictocardia beraviensis,1
Ipomoea fulvicaulis,1
Argyreia nervosa,1
Gymnanthemum myrianthum,1
Acmella caulirhiza,1
Commelina africana,1
Commelina nigritana,1
Lomariopsis guineensis,1
Combretum multinervium,1
Hibiscus sabdariffa,1
Nephthytis swainei,1
Lasimorpha senegalensis,1
Anubias gigantea,1
Begonia polygonoides,1
Impatiens irvingii,1
Uranomys ruddi,1
Spathodea campanulata,1
Neotoma devia,1
Praomys daltoni,1
Rattus norvegicus,1
Afrotyphlops liberiensis,1
Thrasops aethiopissa,1
Lycophidion nigromaculatum,1
Chamaelycus fasciatus,1
Causus lichtensteinii,1
Noronhia mannii,1
Tetrapleura tetraptera,1
Upupa epops,1
Pinnatella minuta,1
Mikania chenopodifolia,1
Cyathula achyranthoides,1
Atractogyne bracteata,1
Dorstenia djettii,1
Rhaphiostylis cordifolia,1
Acroporium eburense,1
Celosia isertii,1
Vepris laurifolia,1
Leucocelis couturieri,1
Aspergillus ochraceoroseus,1
Aspergillus rambellii,1
Geotrypetes seraphini,1
Sida urens,1
Chloris pycnothrix,1
Hibiscus surattensis,1
Hapsidophrys smaragdinus,1
Pleurolobus salicifolius,1
Crematogaster magitae,1
Chlorophytum filipendulum,1
Tetramorium muscorum,1
Ampelocissus gracilipes,1
Trichilia gilletii,1
Tephrosia vogelii,1
Strychnos millepunctata,1
Tetramorium zambezium,1
Paraparatrechina gnoma,1
Tetramorium aculeatum,1
Zornia glochidiata,1
Pinnatidendron piniforme,1
Hypoponera defessa,1
Fimbristylis microcarya,1
Canna indica,1
Gasteracantha curvispina,1
Clovia bigoti,1
Rinorea claessensii,1
Bryochaeta lavabrei,1
Meganola aarviki,1
Scolocerca thomasi,1
Kinixys homeana,1
Teramnus labialis,1
Bulbostylis andongensis,1
Acherontia atropos,1
Lagenaria siceraria,1
Leucobryum cameruniae,1
Leucophanes molleri,1
Malvastrum coromandelianum,1
Calycobolus heudelotii,1
Calymperes erosum,1
Calymperes palisotii,1
Triplophyllum vogelii,1
Davallia denticulata,1
Clitoria ternatea,1
Pandiaka involucrata,1
Aframomum citratum,1
Campylospermum oliverianum,1
Fissidens oblongifolius,1
Chassalia ischnophylla,1
Adenostemma viscosum,1
Monomorium floricola,1
Euphaedra cyparissa,1
Aethriamanta rezia,1
Euphaedra harpalyce,1
Asplenium jaundeense,1
Euphaedra eupalus,1
Oplismenus burmanni,1
Salamis cacta,1
Anadelphia leptocoma,1
Monocymbium ceresiiforme,1
Loudetia hordeiformis,1
Epitola posthumus,1
Setaria longiseta,1
Eulophia horsfallii,1
Cyperus lanceolatus,1
Asplenium dregeanum,1
Sorghastrum incompletum,1
Premna lucens,1
Coix lacryma-jobi,1
Cyperus macrostachyos,1
Aethiopana honorius,1
Enteromius guildi,1
Hypolycaena lebona,1
Elymandra androphila,1
Hypolycaena liara,1
Solenangis scandens,1
Antanartia delius,1
Digitaria diagonalis,1
Mimusops andongensis,1
Theobroma cacao,1
Triumfetta tomentosa,1
Hemisus marmoratus,1
Brycinus derhami,1
Andronymus fenestra,1
Hypselodelphys scandens,1
Aedes mattinglyorum,1
Anopheles gambiae,1
Anomalurus pusillus,1
Andes africanus,1
Stenocoris southwoodi,1
Sapho ciliata,1
Pternistis ahantensis,1
Phylloscopus trochilus,1
Neptosternus compsus,1
Dicrurus sharpei,1
Diphrontis tigrina,1
Cribrodyschirius congoensis,1
Hister ritsemae,1
Cisticola marginatus,1
Meliochamus isochrous,1
Pseudinca ivoriensis,1
Marpesia camillus,1
Platylomalus digitatus,1
Ceroplesis buettneri,1
Daphnis nerii,1
Clivina erythropyga,1
Hemidactylus angulatus,1
Indotyphlops braminus,1
Diastellopalpus tridens,1
Chloropoea semire,1
Hetaeria tetraptera,1
Pauridiantha hirsuta,1
Chalcostephia flavifrons,1
Pristimera dewildemaniana,1
Orycteropus afer,1
Ochna membranacea,1
Tarenna harleyae,1
Stachytarpheta cayennensis,1
Psychotria kitsonii,1
Sabicea vogelii,1
Ampelocissus macrocirrha,1
Pavetta mollissima,1
Ceratopteris cornuta,1
Cola digitata,1
Sida stipulata,1
Celosia argentea,1
Melanthera scandens,1
Vepris felicis,1
Psychotria albicaulis,1
Aframomum elegans,1
Cyanthillium cinereum,1
Commelina aspera,1
Cyphostemma adenopodum,1
Commelina congesta,1
Buforrestia mannii,1
Pauridiantha hirtella,1
Citropsis articulata,1
Euphorbia prostrata,1
Asplenium buettneri,1
Parapolystichum currorii,1
Arthropteris monocarpa,1
Culcasia dinklagei,1
Schwenckia americana,1
Afrolicania elaeosperma,1
Eclipta prostrata,1
Histiopteris incisa,1
Pandanus candelabrum,1
Macaranga heudelotii,1
Lygodium microphyllum,1
Tetracera stuhlmanniana,1
Chrysopogon aciculatus,1
Passiflora foetida,1
Artabotrys insignis,1
Noronhia nilotica,1
Spermacoce ruelliae,1
Oldenlandia corymbosa,1
Rinorea oblongifolia,1
Aspilia africana,1
Bulbophyllum oxychilum,1
Ptychopetalum petiolatum,1
Aframomum elliottii,1
Vitex congolensis,1
Bolbitis auriculata,1
Sabicea brevipes,1
Culcasia liberica,1
Rinorea brachypetala,1
Ludwigia abyssinica,1
Hexasepalum serrulatum,1
Lijndenia barteri,1
Sphenocentrum jollyanum,1
Cardiospermum grandiflorum,1
Crotalaria pallida,1
Raphidiocystis chrysocoma,1
Phaulopsis ciliata,1
Fimbristylis ferruginea,1
Zehneria capillacea,1
Adiantum confine,1
Tetramorium intonsum,1
Pachycondyla sennaarensis,1
Cola chlamydantha,1
Tapinoma melanocephalum,1
Discothyrea oculata,1
Atopomyrmex cryptoceroides,1
Mapania mangenotiana,1
Ipomoea involucrata,1
Combretum zenkeri,1
Discothyrea penthos,1
Scepocarpus keayi,1
Scepocarpus cuneatus,1
Axonopus compressus,1
Physalis angulata,1
Platythyrea modesta,1
Scepocarpus robustus,1
Eremospatha macrocarpa,1
Centromyrmex angolensis,1
Bebearia arcadius,1
Aneilema aequinoctiale,1
Afrixalus vibekensis,1
Milvus aegyptius,1
Blotiella currorii,1
Pteridium aquilinum,1
Papilio demodocus,1
Raphia palma-pinus,1
Apus barbatus,1
Cordia senegalensis,1
Christella hispidula,1
Alchornea hirtella,1
Cyperus erectus,1
Bothroponera talpa,1
Euphorbia hirta,1
Coleus monostachyus,1
Mesosphaerum suaveolens,1
Rhaphidophora africana,1
Euphorbia pondii,1
Hypselodelphys poggeana,1
Solenangis clavata,1
Palpopleura portia,1
Podoscypha involuta,1
Coltricia cinnamomea,1
Baracidris meketra,1
Aframomum chrysanthum,1
Pouteria cuspidata,1
Camponotus perrisii,1
Fleischmannia microstemon,1
Camponotus olivieri,1
Tetramorium peutli,1
Paratrechina longicornis,1
Momordica foetida,1
Tristemonanthus nigrisilvae,1
Selaginella buchholzii,1
Cyperus sphacelatus,1
Polyrhachis laboriosa,1
Tetramorium brevispinosum,1
Cyperus metzii,1
Discothyrea venus,1
Tricalysia anomala,1
Sinantherina semibullata,1
Andropogon gayanus,1
Tieghemella heckelii,1
Hyllus dotatus,1
Bangalaia nebulosa,1
Dactylispa orchymonti,1
Orsima constricta,1
Temnoscelis waddeli,1
Peplometus biscutellatus,1
Zographus regalis,1
Phrynetopsis fuscicornis,1
Phintella globosa,1
Euriphene veronica,1
Langelurillus nigritus,1
Malloneta guineensis,1
Vismia guineensis,1
Brenandendron titanophyllum,1
Ventilago africana,1
Vangueriella glabrescens,1
Phataginus tetradactyla,1
Usteria guineensis,1
Scepocarpus trinervis,1
Tristicha trifaria,1
Tristemma littorale,1
Trichilia tessmannii,1
Treculia africana,1
Tetracera leiocarpa,1
Terminalia superba,1
Terminalia ivorensis,1
Tapinanthus bangwensis,1
Syzygium rowlandii,1
Myrmarachne foenisex,1
Charaxes hadrianus,1
Strophanthus sarmentosus,1
Chrysopogon nigritanus,1
Brillantaisia owariensis,1
Discocriconemella limitanea,1
Aphasmatylenchus nigeriensis,1
Potadoma freethi,1
Afrasura discocellularis,1
Ploceus nigerrimus,1
Ploceus nigricollis,1
Laniarius leucorhynchus,1
Lanius collaris,1
Meloidogyne incognita,1
Terpsiphone viridis,1
Illadopsis puveli,1
Lamellobates molecula,1
Paralopheremaeus legendrei,1
Macrosphenus kempi,1
Portia africana,1
Motacilla aguimp,1
Thiratoscirtus silvestris,1
Afromarengo coriacea,1
Pochytoides lamottei,1
Bacelarella fradei,1
Detalik cavally,1
Sasia africana,1
Tusitala guineensis,1
Hyllus peckhamorum,1
Hyllus lwoffi,1
Ciconia episcopus,1
Strumigenys rufobrunea,1
Strophanthus hispidus,1
Polyarthra vulgaris,1
Pavetta micheliana,1
Parinari excelsa,1
Parapentas setigera,1
Panda oleosa,1
Campylospermum oliveri,1
Termitomyces microcarpus,1
Oxyanthus pallidus,1
Termitomyces eurrhizus,1
Oleandra distenta,1
Nesogordonia papaverifera,1
Nauclea pobeguinii,1
Nelsonia canescens,1
Poicephalus robustus,1
Morinda lucida,1
Mondia whitei,1
Mikania microptera,1
Mikania cordata,1
Microgramma mauritiana,1
Mezoneuron benthamianum,1
Merops muelleri,1
Ploceus angolensis,1
Hypsipetes crassirostris,1
Cyperus thomensis,1
Mapania coriandrum,1
Naja sumatrana,1
Manotes expansa,1
Mammea africana,1
Trachylepis paucisquamis,1
Termitomyces schimperi,1
Pentodon pentandrus,1
Trachylepis polytropis,1
Penianthus patulinervis,1
Spondianthus preussii,1
Solanum rugosum,1
Xenopus tropicalis,1
Selaginella versicolor,1
Salacia owabiensis,1
Salacia elegans,1
Rhaphiostylis ferruginea,1
Pyramica lujae,1
Pyramica tetragnatha,1
Pyramica minkara,1
Ptychadena mascareniensis,1
Pycnanthus dinklagei,1
Rhamnophis aethiopissa,1
Hapsidophrys lineatus,1
Psydrax parviflorus,1
Psychotria elongatosepala,1
Pseudechinolaena polystachya,1
Naja melanoleuca,1
Protomegabaria stapfiana,1
Varanus olivaceus,1
Polystachya laxiflora,1
Platycerium angolense,1
Piptostigma fasciculatum,1
Cophoscincopus durus,1
Phrynobatrachus gutturosus,1
Phrynobatrachus guineensis,1
Phyllanthus odontadenius,1
Hygrophila brevituba,1
Monodora tenuifolia,1
Anisophyllea meniaudii,1
Vepris soyauxii,1
Pavetta akeassii,1
Asplanchna brightwellii,1
Mitragyna stipulosa,1
Cassipourea hiotou,1
Psychotria adafoana,1
Pancovia bijuga,1
Synsepalum aubrevillei,1
Lecane unguitata,1
Zanha golungensis,1
Brachionus mirabilis,1
Cassipourea congoensis,1
Englerophytum oblanceolatum,1
Lecane papuana,1
Lecane bulla,1
Oxya hyla,1
Hystrix cristata,1
Mussaenda landolphioides,1
Cassipourea barteri,1
Piliocolobus kirkii,1
Poiana richardsonii,1
Papio anubis,1
Psychotria schweinfurthii,1
Ficus platyphylla,1
Genetta pardina,1
Ficus polita,1
Galagoides thomasi,1
Achyrospermum africanum,1
Keratella lenzi,1
Cassipourea schizocalyx,1
Anonidium mannii,1
Lecane ludwigii,1
Andropogon africanus,1
Mimusops kummel,1
Hyperthelia dissoluta,1
Curculigo pilosa,1
Plationus patulus,1
Omphalocarpum elatum,1
Premna hispida,1
Cola gabonensis,1
Lepadella patella,1
Lecane curvicornis,1
Lepadella latusinus,1
Lecane perplexa,1
Rutidea rufipilis,1
Mytilina ventralis,1
Tarenna fuscoflava,1
Cycnium adoense,1
Linderniella gracilis,1
Sterculia rhinopetala,1
Mansonia altissima,1
Brachionus quadridentatus,1
Argocoffeopsis afzelii,1
Lecane quadridentata,1
Dicranolepis laciniata,1
Lecane hastata,1
Keetia mannii,1
Mussaenda tristigmatica,1
Argocoffeopsis rupestris,1
Macronycteris commersonii,1
Bertiera chevalieri,1
Cercopithecus mona,1
Ophiobotrys zenkeri,1
Amnirana galamensis,1
Ptychadena arnei,1
Ptychadena tournieri,1
Euadenia trifoliolata,1
Cassia sieberiana,1
Sclerophrys taiensis,1
Dialium dinklagei,1
Asclepias solstitialis,1
Ptychadena superciliaris,1
Dichapetalum filicaule,1
Maranthes chrysophylla,1
Afrixalus weidholzi,1
Gilbertiodendron diphyllum,1
Newbouldia laevis,1
Chamaecrista absus,1
Chamaecrista mimosoides,1
Astylosternus diadematus,1
Strophanthus preussii,1
Antrosedes speluncarius,1
Uvariodendron occidentalis,1
Alafia scandens,1
Vincetoxicum cameroonicum,1
Testudinella patina,1
Gymnanthemum amygdalinum,1
Acanthotermes acanthothorax,1
Uvariodendron mirabile,1
Uvariodendron angustifolium,1
Phrynobatrachus annulatus,1
Clarias anguillaris,1
Diospyros monbuttensis,1
Loxodonta africana,1
Nanonycteris veldkampii,1
Chaerephon pusillus,1
Coelocaryon oxycarpum,1
Crocidura wimmeri,1
Acridocarpus alternifolius,1
Micropotamogale lamottei,1
Alsodeiopsis staudtii,1
Ormocarpum pubescens,1
Salacia erecta,1
Crocidura denti,1
Millettia warneckei,1
Crocidura hildegardeae,1
Millettia lane-poolei,1
Drypetes aubrevillei,1
Leptoderris miegei,1
Sarotherodon melanotheron,1
Rhynchosia mannii,1
Heterotis niloticus,1
Lates niloticus,1
Loeseneriella iotricha,1
Hydrolea floribunda,1
Tragia benthamii,1
Pleurolobus gangeticus,1
Distichodus rostratus,1
Drypetes floribunda,1
Dichapetalum crassifolium,1
Boscia salicifolia,1
